hiddennode0,hiddennode1,hiddennode2,hiddennode3,hiddennode4,hiddennode5,hiddennode6,hiddennode7,hiddennode8,hiddennode9
38887.12755685,33547.80322641,-46280.84831607,-95998.52306116,-98393.69872942,-84674.73544205,14317.95783963,46915.03266761,78896.18413783,-16771.70779841
