hiddennode0,hiddennode1,hiddennode2,hiddennode3,hiddennode4,hiddennode5,hiddennode6,hiddennode7,hiddennode8,hiddennode9
-48195.60432311,85362.53569717,7975.03408713,-77017.26171392,14272.35927974,-46625.35916797,1795.99186238,12252.44312151,37412.85526411,54030.00041514